station_id,route_id,time_of_day,day_of_week,is_weekend,is_peak_hour,bus_distance_km,bus_speed_kph,weather_condition,num_waiting_passengers,expected_wait_time_min
Remera,R707,05:30,Wednesday,False,False,4.63,42.6,Rainy,28,9.5
Remera,R505,20:15,Sunday,True,False,4.02,10.8,Rainy,41,30.0
Gashyekero,R202,17:30,Saturday,True,True,2.4,24.5,Sunny,35,9.6
Gatenga,R505,06:45,Monday,False,False,4.31,35.1,Sunny,16,8.7
Kacyiru,R101,07:00,Thursday,False,True,3.83,24.8,Rainy,5,17.4
Gatenga,R301,06:30,Monday,False,False,1.4,27.3,Sunny,31,4.9
Carlos,R505,20:45,Wednesday,False,False,3.1,21.5,Rainy,33,12.0
Kacyiru,R101,18:15,Sunday,True,True,4.01,44.3,Sunny,6,8.2
Kagugu,R707,08:15,Wednesday,False,True,1.46,19.2,Cloudy,27,6.4
Carlos,R202,19:45,Saturday,True,True,1.85,31.8,Sunny,46,4.5
Kagugu,R101,15:30,Friday,False,False,3.38,43.1,Cloudy,7,5.2
Kibagabaga,R101,12:30,Sunday,True,False,1.5,16.9,Cloudy,14,4.7
Gatenga,R202,09:45,Tuesday,False,True,1.17,22.2,Sunny,9,6.1
Kacyiru,R301,16:15,Sunday,True,False,0.74,39.0,Sunny,30,2.0
Nyabugogo,R202,05:00,Thursday,False,False,2.88,28.9,Sunny,47,7.8
Nyanza,R404,14:00,Friday,False,False,4.08,42.5,Rainy,48,9.0
Kibagabaga,R707,10:30,Monday,False,False,1.91,26.9,Cloudy,30,5.4
Nyamirambo,R606,11:00,Friday,False,False,4.58,47.5,Cloudy,22,4.8
Nyanza,R505,20:00,Friday,False,False,1.64,25.5,Sunny,24,3.9
Remera,R202,09:15,Thursday,False,True,2.4,30.0,Sunny,45,8.2
Gashyekero,R301,09:45,Monday,False,True,1.13,37.9,Rainy,43,4.6
Kanombe,R101,06:15,Sunday,True,False,1.04,14.7,Sunny,46,5.2
Kacyiru,R606,19:30,Sunday,True,True,1.87,34.6,Sunny,21,3.4
Kagugu,R606,21:00,Monday,False,False,0.94,41.8,Sunny,9,2.2
Kagugu,R202,12:00,Thursday,False,False,0.86,17.3,Sunny,12,2.6
Nyamirambo,R707,21:45,Sunday,True,False,1.99,39.5,Cloudy,46,3.9
Kimironko,R606,07:45,Monday,False,True,3.26,19.1,Sunny,13,12.7
Nyamirambo,R202,07:15,Monday,False,True,1.99,23.7,Cloudy,6,7.5
Nyamirambo,R101,05:15,Monday,False,False,3.01,39.7,Rainy,8,7.0
Kimironko,R707,10:45,Friday,False,False,4.23,46.6,Sunny,22,6.4
Gatenga,R606,12:00,Saturday,True,False,2.45,46.7,Cloudy,42,3.2
Nyamirambo,R707,05:15,Saturday,True,False,4.0,17.5,Rainy,15,19.4
Kacyiru,R707,11:15,Thursday,False,False,4.22,27.1,Rainy,20,14.2
Kacyiru,R404,16:15,Sunday,True,False,1.95,44.4,Sunny,32,4.1
Kanombe,R101,05:00,Thursday,False,False,3.23,25.3,Sunny,36,9.0
Kibagabaga,R505,05:15,Friday,False,False,4.43,47.1,Sunny,42,5.8
Carlos,R202,19:00,Wednesday,False,True,1.75,46.2,Cloudy,7,2.3
Nyamirambo,R301,06:45,Monday,False,False,4.24,43.9,Rainy,19,9.0
Kibagabaga,R202,07:45,Tuesday,False,True,4.09,13.8,Sunny,8,23.2
Gashyekero,R606,15:30,Monday,False,False,1.7,35.1,Cloudy,28,3.2
Remera,R505,12:45,Tuesday,False,False,3.37,43.2,Sunny,46,6.2
Remera,R101,08:45,Friday,False,True,2.96,18.2,Rainy,42,17.0
Kanombe,R301,18:00,Sunday,True,True,1.02,13.1,Sunny,48,5.2
Kimironko,R707,05:45,Thursday,False,False,0.82,41.8,Cloudy,39,1.1
Gatenga,R505,15:15,Monday,False,False,3.64,29.2,Sunny,25,7.4
Nyamirambo,R101,13:15,Friday,False,False,0.97,18.4,Sunny,21,3.9
Nyabugogo,R505,17:00,Thursday,False,True,0.88,23.8,Sunny,9,4.1
Carlos,R301,19:45,Friday,False,True,1.27,16.3,Cloudy,23,7.5
Gashyekero,R606,20:45,Thursday,False,False,4.62,22.1,Sunny,34,12.2
Nyabugogo,R606,06:00,Saturday,True,False,3.42,25.1,Cloudy,36,8.1
Remera,R505,15:15,Saturday,True,False,1.67,14.2,Sunny,6,7.9
Kimironko,R404,16:00,Friday,False,False,3.6,35.3,Sunny,22,6.2
Gikondo,R505,14:00,Tuesday,False,False,2.45,23.5,Sunny,40,7.8
Nyabugogo,R606,20:15,Saturday,True,False,0.71,36.4,Sunny,21,2.0
Carlos,R202,17:45,Sunday,True,True,4.91,36.0,Rainy,27,15.7
Kibagabaga,R404,15:30,Wednesday,False,False,4.6,42.1,Cloudy,15,7.6
Kimironko,R202,19:30,Tuesday,False,True,4.6,17.6,Cloudy,41,21.9
Kibagabaga,R606,18:00,Monday,False,True,4.99,12.2,Sunny,50,30.0
Gatenga,R505,14:45,Tuesday,False,False,4.47,15.5,Cloudy,28,16.3
Nyanza,R202,18:15,Wednesday,False,True,2.09,28.1,Sunny,40,5.4
Kagugu,R301,17:30,Monday,False,True,3.58,15.3,Rainy,29,25.1
Nyabugogo,R202,18:00,Monday,False,True,1.45,32.3,Rainy,46,6.6
Nyanza,R707,17:30,Sunday,True,True,2.25,38.8,Sunny,41,4.7
Gikondo,R707,06:00,Monday,False,False,3.64,22.4,Sunny,18,11.7
Nyabugogo,R101,16:00,Monday,False,False,0.77,23.7,Sunny,9,2.3
Kacyiru,R404,09:00,Sunday,True,True,4.13,43.8,Cloudy,9,7.3
Nyabugogo,R101,20:00,Tuesday,False,False,2.89,10.6,Sunny,39,16.9
Kanombe,R101,20:45,Wednesday,False,False,0.73,46.3,Cloudy,48,0.7
Nyanza,R202,19:45,Monday,False,True,3.35,17.7,Cloudy,42,15.6
Gatenga,R301,10:45,Saturday,True,False,1.75,29.1,Sunny,18,3.8
Nyanza,R505,12:30,Wednesday,False,False,3.54,43.0,Sunny,49,6.9
Carlos,R707,16:30,Saturday,True,False,4.18,49.5,Sunny,16,4.8
Kanombe,R505,18:00,Friday,False,True,2.01,17.2,Sunny,16,10.7
Kacyiru,R606,20:45,Monday,False,False,4.4,12.2,Cloudy,26,22.1
Kacyiru,R101,05:45,Saturday,True,False,3.05,33.6,Rainy,6,7.2
Kagugu,R404,09:45,Tuesday,False,True,1.27,37.7,Sunny,16,4.4
Remera,R606,05:00,Sunday,True,False,4.73,18.5,Sunny,39,16.4
Kanombe,R707,05:45,Sunday,True,False,4.15,27.6,Cloudy,30,8.1
Kagugu,R707,15:00,Monday,False,False,2.0,33.9,Sunny,34,4.5
Gashyekero,R301,18:15,Tuesday,False,True,3.75,46.9,Sunny,30,5.7
Kanombe,R301,09:45,Tuesday,False,True,3.26,40.2,Sunny,43,6.9
Remera,R404,11:15,Wednesday,False,False,4.48,15.7,Rainy,21,24.0
Kibagabaga,R202,12:45,Monday,False,False,2.74,15.3,Sunny,26,9.9
Carlos,R101,16:00,Wednesday,False,False,3.09,32.0,Cloudy,50,5.8
Kibagabaga,R101,20:00,Monday,False,False,1.59,37.0,Rainy,39,4.4
Kagugu,R301,20:30,Wednesday,False,False,0.76,46.2,Cloudy,32,1.2
Kimironko,R101,18:30,Saturday,True,True,2.64,34.9,Sunny,16,5.3
Kibagabaga,R606,08:00,Friday,False,True,1.51,24.5,Cloudy,30,4.5
Nyabugogo,R202,14:00,Saturday,True,False,3.18,40.2,Rainy,32,8.3
Gashyekero,R606,10:15,Thursday,False,False,2.9,27.5,Sunny,22,7.5
Kimironko,R202,15:30,Wednesday,False,False,3.8,13.0,Sunny,44,18.4
Kanombe,R707,14:00,Tuesday,False,False,1.61,14.3,Cloudy,46,8.4
Remera,R202,13:15,Wednesday,False,False,0.99,40.6,Cloudy,49,1.3
Kanombe,R101,21:45,Tuesday,False,False,1.64,20.2,Sunny,45,5.9
Nyamirambo,R707,17:00,Wednesday,False,True,2.63,42.2,Rainy,40,7.9
Kanombe,R606,08:00,Thursday,False,True,3.65,27.4,Sunny,31,11.4
Nyamirambo,R404,18:45,Saturday,True,True,1.02,39.4,Sunny,12,4.0
Gashyekero,R101,09:15,Monday,False,True,3.48,49.8,Sunny,33,4.9
Kagugu,R301,18:00,Monday,False,True,2.45,18.6,Cloudy,10,10.8
Kagugu,R606,07:15,Tuesday,False,True,0.55,26.3,Sunny,48,3.1
Nyamirambo,R707,10:15,Sunday,True,False,3.71,43.9,Sunny,20,5.7
Kagugu,R202,12:30,Friday,False,False,3.03,30.8,Rainy,16,8.1
Gikondo,R606,07:00,Thursday,False,True,1.74,42.2,Sunny,47,2.9
Kimironko,R101,20:30,Tuesday,False,False,3.42,30.4,Sunny,44,8.0
Gatenga,R404,20:45,Tuesday,False,False,4.02,19.9,Cloudy,47,12.1
Carlos,R606,19:15,Sunday,True,True,1.45,26.0,Sunny,13,6.3
Kimironko,R505,21:15,Saturday,True,False,0.79,19.6,Sunny,35,1.7
Gatenga,R505,06:45,Friday,False,False,3.26,42.1,Sunny,31,6.1
Kacyiru,R505,21:00,Tuesday,False,False,3.37,12.4,Cloudy,32,17.3
Gikondo,R606,07:45,Friday,False,True,1.09,30.3,Sunny,26,3.3
Nyamirambo,R707,10:30,Wednesday,False,False,0.69,25.0,Sunny,23,1.1
Gatenga,R101,11:45,Tuesday,False,False,2.5,31.6,Sunny,45,4.2
Kacyiru,R202,21:45,Friday,False,False,0.85,13.3,Cloudy,48,4.8
Kacyiru,R101,13:45,Sunday,True,False,2.99,42.0,Sunny,41,3.3
Kanombe,R202,17:30,Sunday,True,True,3.51,15.6,Sunny,48,17.6
Gikondo,R404,17:45,Thursday,False,True,2.83,37.9,Sunny,47,6.4
Carlos,R505,10:00,Saturday,True,False,0.88,43.7,Sunny,16,2.8
Nyabugogo,R404,12:45,Monday,False,False,0.55,13.1,Sunny,37,4.1
Gatenga,R505,06:00,Saturday,True,False,0.9,47.0,Sunny,33,1.7
Nyamirambo,R301,16:30,Friday,False,False,4.57,26.8,Sunny,26,9.9
Nyabugogo,R404,09:00,Wednesday,False,True,4.52,27.1,Sunny,12,14.7
Nyamirambo,R606,05:45,Friday,False,False,4.28,47.9,Sunny,5,5.7
Kibagabaga,R505,07:45,Thursday,False,True,3.74,44.6,Sunny,25,5.8
Gatenga,R707,11:15,Wednesday,False,False,4.63,33.6,Rainy,44,12.8
Remera,R606,14:00,Monday,False,False,4.83,10.6,Sunny,44,26.6
Nyabugogo,R606,07:45,Thursday,False,True,1.05,40.3,Sunny,33,2.7
Gashyekero,R101,13:45,Thursday,False,False,1.55,37.0,Rainy,22,4.2
Kacyiru,R505,15:30,Wednesday,False,False,2.13,13.0,Sunny,33,9.7
Kibagabaga,R707,13:15,Friday,False,False,4.31,25.6,Sunny,27,11.0
Nyamirambo,R301,08:15,Monday,False,True,4.68,18.7,Sunny,14,20.0
Carlos,R505,10:00,Wednesday,False,False,2.93,40.6,Rainy,32,7.4
Remera,R505,14:15,Thursday,False,False,2.65,45.8,Rainy,42,4.9
Gashyekero,R101,13:15,Tuesday,False,False,3.95,44.0,Cloudy,23,4.5
Kimironko,R707,20:15,Sunday,True,False,4.8,27.5,Sunny,39,12.0
Remera,R707,13:15,Wednesday,False,False,3.17,14.3,Sunny,48,13.0
Kagugu,R505,11:15,Sunday,True,False,3.0,25.9,Sunny,33,7.2
Carlos,R505,17:30,Sunday,True,True,4.49,16.2,Sunny,38,22.6
Gatenga,R707,09:45,Wednesday,False,True,3.81,23.2,Sunny,11,14.7
Kanombe,R707,05:30,Sunday,True,False,1.04,23.5,Rainy,41,2.8
Kibagabaga,R301,11:00,Saturday,True,False,2.62,34.3,Cloudy,16,5.2
Gashyekero,R707,07:00,Monday,False,True,2.84,49.5,Sunny,18,3.6
Nyamirambo,R101,20:30,Monday,False,False,0.89,49.5,Sunny,22,2.6
Kibagabaga,R606,19:00,Tuesday,False,True,2.1,47.6,Sunny,12,3.5
Kagugu,R202,18:45,Wednesday,False,True,3.11,13.5,Sunny,6,17.0
Nyamirambo,R202,11:30,Tuesday,False,False,4.61,13.1,Rainy,13,28.8
Kanombe,R101,07:00,Saturday,True,True,1.13,49.2,Sunny,25,3.1
Kibagabaga,R301,15:15,Wednesday,False,False,2.68,45.2,Rainy,20,4.6
Kacyiru,R404,19:15,Saturday,True,True,3.21,45.6,Sunny,15,5.0
Gatenga,R606,15:15,Saturday,True,False,3.76,45.7,Sunny,27,4.8
Gatenga,R707,16:30,Sunday,True,False,0.58,17.4,Sunny,20,2.2
Remera,R404,16:00,Tuesday,False,False,4.82,48.8,Cloudy,5,6.9
Kimironko,R404,15:00,Sunday,True,False,3.86,11.3,Sunny,29,19.8
Carlos,R707,06:45,Saturday,True,False,3.35,19.1,Rainy,15,16.5
Nyanza,R404,16:45,Wednesday,False,False,4.34,10.5,Rainy,35,30.0
Nyanza,R101,08:00,Thursday,False,True,3.99,47.7,Sunny,20,8.4
Gatenga,R101,17:15,Sunday,True,True,1.17,22.3,Sunny,5,5.2
Kanombe,R301,07:15,Wednesday,False,True,2.41,19.4,Sunny,11,11.0
Kimironko,R404,21:45,Wednesday,False,False,3.63,20.7,Sunny,30,12.2
Gikondo,R301,05:15,Monday,False,False,3.64,17.4,Sunny,20,14.3
Nyabugogo,R707,10:00,Sunday,True,False,2.88,20.5,Rainy,10,11.3
Remera,R301,21:45,Tuesday,False,False,4.32,15.7,Cloudy,49,15.7
Kagugu,R202,13:15,Wednesday,False,False,2.83,11.6,Sunny,47,16.6
Nyamirambo,R606,16:15,Wednesday,False,False,2.62,38.8,Sunny,14,4.6
Gikondo,R707,17:00,Wednesday,False,True,1.49,32.0,Sunny,19,4.5
Carlos,R505,14:30,Wednesday,False,False,0.95,48.3,Sunny,12,2.0
Kanombe,R404,14:45,Wednesday,False,False,1.26,24.1,Rainy,16,5.6
Nyamirambo,R404,13:15,Sunday,True,False,2.56,46.4,Sunny,28,2.5
Carlos,R707,15:15,Monday,False,False,2.29,44.6,Sunny,45,4.6
Kimironko,R707,15:15,Monday,False,False,0.81,17.6,Cloudy,43,3.3
Kimironko,R606,13:15,Friday,False,False,3.28,47.3,Rainy,36,7.2
Nyabugogo,R505,17:45,Thursday,False,True,4.69,19.9,Cloudy,33,17.9
Kagugu,R301,14:30,Sunday,True,False,1.02,39.5,Sunny,11,1.0
Kacyiru,R101,10:15,Saturday,True,False,3.47,26.3,Rainy,29,12.5
Kanombe,R202,17:45,Wednesday,False,True,0.75,37.5,Sunny,26,1.0
Gatenga,R707,06:00,Saturday,True,False,2.96,22.1,Sunny,40,8.0
Gashyekero,R101,08:45,Sunday,True,True,0.76,12.3,Sunny,22,6.0
Remera,R301,10:00,Sunday,True,False,3.88,24.3,Sunny,10,8.9
Gatenga,R101,18:45,Friday,False,True,2.65,18.5,Sunny,48,11.5
Kibagabaga,R707,21:15,Friday,False,False,1.97,35.5,Sunny,14,5.2
Gikondo,R505,16:30,Thursday,False,False,1.39,27.0,Sunny,16,3.6
Kacyiru,R606,19:30,Friday,False,True,4.49,23.9,Cloudy,16,16.3
Kacyiru,R101,13:30,Wednesday,False,False,4.42,39.7,Cloudy,30,6.6
Kanombe,R101,16:00,Saturday,True,False,1.37,29.8,Rainy,18,4.5
Remera,R301,07:30,Saturday,True,True,1.91,19.4,Rainy,14,10.8
Kibagabaga,R707,17:15,Saturday,True,True,1.67,49.4,Rainy,31,3.6
Carlos,R505,13:30,Sunday,True,False,4.14,49.5,Rainy,44,6.3
Remera,R404,14:00,Monday,False,False,3.68,13.5,Cloudy,31,15.8
Kanombe,R707,17:00,Sunday,True,True,4.01,31.3,Cloudy,32,10.1
Gatenga,R301,14:45,Tuesday,False,False,1.57,24.5,Sunny,9,5.1
Kacyiru,R301,13:15,Sunday,True,False,1.04,40.5,Rainy,42,2.7
Nyanza,R404,18:30,Sunday,True,True,3.03,26.6,Sunny,11,9.3
Kanombe,R202,05:30,Sunday,True,False,4.83,33.2,Sunny,22,8.0
Kanombe,R606,09:00,Friday,False,True,1.23,18.6,Rainy,26,7.2
Nyanza,R301,19:15,Tuesday,False,True,2.12,33.3,Cloudy,9,4.9
Kimironko,R707,16:00,Monday,False,False,4.95,37.5,Cloudy,37,8.7
Nyabugogo,R202,15:15,Monday,False,False,4.08,47.9,Sunny,37,4.9
Remera,R101,19:45,Wednesday,False,True,1.08,46.0,Sunny,26,3.6
Gikondo,R707,05:30,Wednesday,False,False,1.05,27.7,Cloudy,19,3.9
Nyanza,R301,20:15,Sunday,True,False,0.79,16.6,Sunny,9,3.8
Gatenga,R404,18:30,Thursday,False,True,3.9,44.1,Rainy,21,8.7
Nyamirambo,R101,11:45,Saturday,True,False,4.7,43.9,Cloudy,50,8.3
Kacyiru,R301,07:15,Thursday,False,True,3.83,38.3,Rainy,28,12.2
Nyamirambo,R202,08:45,Wednesday,False,True,3.76,42.6,Sunny,36,8.4
Kacyiru,R606,10:15,Friday,False,False,4.75,33.9,Sunny,35,8.4
Kanombe,R707,06:15,Monday,False,False,2.62,37.8,Rainy,25,6.4
Nyanza,R606,10:45,Wednesday,False,False,4.15,18.1,Cloudy,41,14.8
Kimironko,R707,18:45,Sunday,True,True,3.25,30.7,Sunny,13,9.9
Nyabugogo,R202,13:30,Monday,False,False,1.7,12.9,Cloudy,19,9.3
Nyanza,R202,13:45,Tuesday,False,False,4.21,21.7,Sunny,38,11.3
Kibagabaga,R404,11:00,Sunday,True,False,2.65,33.8,Sunny,48,5.2
Nyanza,R202,05:00,Tuesday,False,False,1.57,41.5,Sunny,33,4.2
Kanombe,R505,10:45,Friday,False,False,3.5,32.0,Sunny,7,6.5
Remera,R404,20:00,Saturday,True,False,3.99,22.5,Rainy,31,16.6
Gikondo,R202,17:30,Monday,False,True,2.38,31.4,Sunny,28,5.2
Gatenga,R505,20:30,Thursday,False,False,4.15,48.6,Sunny,29,5.0
Kimironko,R606,20:30,Tuesday,False,False,2.02,15.7,Rainy,39,10.6
Kibagabaga,R101,19:15,Saturday,True,True,3.91,49.4,Sunny,18,7.8
Gashyekero,R404,11:45,Sunday,True,False,0.75,23.3,Sunny,5,2.1
Kimironko,R606,17:45,Saturday,True,True,0.85,35.4,Sunny,5,1.2
Gikondo,R101,19:15,Saturday,True,True,4.86,24.1,Rainy,42,23.0
Kacyiru,R101,06:00,Monday,False,False,0.81,21.1,Rainy,15,3.5
Gatenga,R301,21:00,Wednesday,False,False,1.69,36.2,Sunny,24,4.1
Kimironko,R404,10:00,Sunday,True,False,2.45,41.1,Sunny,24,5.0
Remera,R301,16:30,Monday,False,False,1.07,20.8,Sunny,36,4.4
Kacyiru,R202,12:00,Saturday,True,False,1.61,32.5,Cloudy,37,3.7
Kanombe,R202,12:00,Friday,False,False,2.96,39.9,Sunny,12,4.8
Gatenga,R404,10:30,Monday,False,False,4.59,14.1,Sunny,9,21.1
Gatenga,R606,06:00,Friday,False,False,1.22,31.5,Rainy,31,4.1
Kagugu,R101,19:45,Tuesday,False,True,3.07,23.7,Rainy,45,15.8
Nyanza,R404,11:00,Saturday,True,False,0.77,22.4,Rainy,34,3.6
Gatenga,R505,14:00,Thursday,False,False,4.22,30.9,Cloudy,27,7.6
Gatenga,R707,06:45,Friday,False,False,2.3,29.6,Cloudy,31,5.4
Kagugu,R404,18:00,Thursday,False,True,1.64,15.9,Sunny,36,7.6
Kagugu,R202,14:30,Saturday,True,False,2.6,21.5,Cloudy,18,9.2
Carlos,R606,12:30,Thursday,False,False,3.78,11.2,Sunny,18,22.0
Remera,R101,13:00,Sunday,True,False,4.06,37.3,Sunny,44,5.9
Remera,R404,05:30,Friday,False,False,1.14,34.1,Sunny,13,4.0
Remera,R707,21:15,Thursday,False,False,2.96,29.3,Sunny,40,5.5
Kibagabaga,R505,09:00,Friday,False,True,3.21,19.8,Rainy,23,18.6
Kimironko,R606,16:00,Tuesday,False,False,4.6,17.7,Rainy,8,21.9
Carlos,R404,09:00,Sunday,True,True,0.84,19.2,Sunny,29,3.7
Kibagabaga,R505,11:00,Sunday,True,False,1.22,14.9,Sunny,16,6.8
Carlos,R202,21:45,Wednesday,False,False,4.48,25.0,Sunny,22,10.0
Carlos,R505,14:15,Saturday,True,False,0.99,17.0,Rainy,36,4.8
Kanombe,R404,11:00,Friday,False,False,1.96,37.1,Cloudy,50,5.1
Nyanza,R606,09:45,Thursday,False,True,0.88,24.7,Cloudy,23,2.5
Gikondo,R606,21:45,Wednesday,False,False,0.72,40.6,Sunny,40,2.6
Kagugu,R301,14:15,Friday,False,False,4.86,36.0,Sunny,34,8.5
Carlos,R404,06:15,Thursday,False,False,4.11,43.2,Sunny,17,6.2
Kibagabaga,R505,19:15,Wednesday,False,True,3.71,46.3,Rainy,15,7.8
Kibagabaga,R707,13:15,Wednesday,False,False,1.87,44.3,Sunny,6,2.0
Nyanza,R301,15:45,Saturday,True,False,3.27,10.6,Sunny,9,20.2
Kagugu,R404,06:00,Tuesday,False,False,4.53,11.7,Sunny,32,22.5
Gatenga,R505,16:30,Monday,False,False,3.06,49.5,Sunny,38,3.2
Remera,R101,19:15,Sunday,True,True,1.7,28.5,Sunny,49,4.0
Nyamirambo,R606,08:00,Saturday,True,True,4.61,42.0,Sunny,11,9.8
Kacyiru,R606,17:00,Saturday,True,True,4.33,47.1,Cloudy,42,8.3
Kacyiru,R404,21:30,Saturday,True,False,3.93,40.4,Sunny,14,5.9
Kibagabaga,R707,11:30,Saturday,True,False,1.05,14.4,Sunny,11,6.4
Nyamirambo,R505,06:30,Friday,False,False,4.85,17.9,Sunny,44,18.1
Kimironko,R707,19:45,Sunday,True,True,2.44,42.6,Sunny,49,5.0
Nyanza,R707,12:15,Wednesday,False,False,2.14,44.6,Cloudy,32,3.4
Nyabugogo,R101,20:00,Sunday,True,False,4.72,18.5,Sunny,46,14.3
Kimironko,R202,06:00,Thursday,False,False,3.52,37.3,Rainy,5,7.6
Remera,R707,12:15,Thursday,False,False,3.2,32.6,Sunny,41,5.5
Gatenga,R101,07:00,Sunday,True,True,4.13,37.7,Sunny,22,9.4
Nyanza,R202,06:30,Tuesday,False,False,4.34,24.9,Sunny,33,10.7
Kacyiru,R101,21:00,Tuesday,False,False,3.52,48.1,Sunny,11,4.4
Nyamirambo,R505,13:00,Sunday,True,False,2.24,36.6,Cloudy,17,5.4
Carlos,R707,11:45,Wednesday,False,False,3.95,36.4,Rainy,8,9.4
Nyamirambo,R404,10:30,Friday,False,False,4.93,25.4,Cloudy,5,12.5
Nyabugogo,R404,15:30,Friday,False,False,2.37,38.2,Rainy,20,6.0
Gikondo,R505,08:45,Thursday,False,True,0.69,19.2,Sunny,43,4.7
Kimironko,R301,17:30,Thursday,False,True,3.88,20.7,Sunny,47,15.2
Carlos,R505,15:15,Saturday,True,False,3.76,47.1,Sunny,16,4.6
Kagugu,R505,07:45,Saturday,True,True,3.35,36.4,Sunny,29,6.8
Nyamirambo,R404,06:00,Saturday,True,False,4.51,23.3,Sunny,37,13.2
Gatenga,R707,07:30,Thursday,False,True,2.81,48.2,Sunny,14,4.6
Nyamirambo,R606,11:15,Tuesday,False,False,3.57,32.8,Sunny,39,8.2
Nyanza,R202,08:45,Wednesday,False,True,3.51,44.7,Sunny,39,8.0
Gikondo,R707,16:30,Tuesday,False,False,4.16,44.7,Rainy,5,8.3
Nyamirambo,R707,05:45,Monday,False,False,1.51,10.3,Sunny,43,8.9
Kimironko,R404,13:15,Monday,False,False,4.35,19.7,Sunny,46,14.0
Remera,R606,05:45,Friday,False,False,2.98,15.7,Sunny,8,12.3
Gashyekero,R101,11:30,Wednesday,False,False,0.99,16.6,Sunny,16,4.1
Nyanza,R404,14:30,Tuesday,False,False,3.08,44.8,Sunny,7,5.7
Carlos,R707,16:45,Tuesday,False,False,2.77,19.2,Rainy,13,13.2
Carlos,R404,17:15,Tuesday,False,True,1.71,13.4,Sunny,14,11.3
Kacyiru,R202,08:00,Saturday,True,True,2.56,39.1,Cloudy,8,5.8
Nyabugogo,R301,06:45,Thursday,False,False,4.95,14.0,Cloudy,44,23.1
Remera,R202,10:30,Thursday,False,False,1.6,32.7,Sunny,5,2.6
Kacyiru,R707,21:30,Saturday,True,False,1.17,29.4,Cloudy,8,3.7
Gashyekero,R301,08:45,Wednesday,False,True,4.78,26.0,Rainy,40,20.3
Carlos,R505,17:00,Tuesday,False,True,2.98,36.2,Sunny,46,7.4
Kibagabaga,R505,16:15,Saturday,True,False,2.36,21.2,Sunny,32,6.4
Kibagabaga,R301,17:30,Sunday,True,True,3.8,18.9,Sunny,44,17.0
Gashyekero,R404,18:00,Thursday,False,True,3.72,45.4,Sunny,49,7.9
Nyanza,R707,12:15,Sunday,True,False,4.2,22.3,Sunny,11,12.8
Carlos,R606,09:15,Tuesday,False,True,2.7,28.9,Sunny,35,8.7
Gashyekero,R202,19:00,Wednesday,False,True,2.7,21.1,Sunny,26,11.6
Kimironko,R707,13:00,Friday,False,False,1.23,35.0,Cloudy,32,3.8
Nyabugogo,R606,13:15,Wednesday,False,False,1.08,29.4,Sunny,32,2.7
Kibagabaga,R707,15:15,Tuesday,False,False,2.09,15.9,Rainy,8,12.3
Kanombe,R606,17:15,Tuesday,False,True,3.15,23.7,Sunny,42,10.5
Kanombe,R606,15:00,Sunday,True,False,1.46,13.9,Sunny,27,8.3
Kacyiru,R707,06:00,Friday,False,False,2.83,45.3,Sunny,11,4.4
Kanombe,R606,11:30,Thursday,False,False,1.83,35.2,Sunny,27,4.1
Kacyiru,R707,08:00,Thursday,False,True,2.67,20.7,Rainy,16,13.4
Remera,R101,12:45,Thursday,False,False,2.26,25.8,Sunny,39,6.0
Gikondo,R404,06:15,Friday,False,False,2.56,14.8,Sunny,6,9.6
Kanombe,R606,21:30,Monday,False,False,2.02,41.4,Rainy,21,4.2
Nyabugogo,R202,15:45,Sunday,True,False,3.79,33.3,Sunny,5,5.9
Remera,R404,10:00,Tuesday,False,False,0.94,33.0,Cloudy,47,1.6
Kacyiru,R505,18:45,Monday,False,True,2.08,36.4,Sunny,27,4.9
Gatenga,R707,09:15,Wednesday,False,True,3.44,41.7,Sunny,41,6.0
Nyamirambo,R301,16:00,Thursday,False,False,1.19,31.7,Rainy,18,3.0
Nyamirambo,R202,07:45,Monday,False,True,2.15,43.0,Sunny,37,2.9
Kimironko,R101,07:00,Tuesday,False,True,0.68,46.9,Sunny,6,1.0
Nyabugogo,R707,08:00,Tuesday,False,True,2.9,41.6,Sunny,42,7.2
Nyamirambo,R202,18:15,Monday,False,True,0.57,15.4,Sunny,25,4.8
Kimironko,R101,05:30,Tuesday,False,False,1.77,39.5,Sunny,21,2.4
Kimironko,R707,05:45,Tuesday,False,False,4.13,28.3,Sunny,38,9.9
Kibagabaga,R202,07:15,Tuesday,False,True,1.36,41.4,Sunny,30,4.0
Carlos,R202,18:00,Friday,False,True,1.02,19.1,Sunny,40,4.8
Kacyiru,R707,13:15,Saturday,True,False,1.88,10.3,Sunny,20,10.8
Nyamirambo,R505,06:30,Sunday,True,False,2.3,46.6,Sunny,38,3.9
Kanombe,R404,10:00,Wednesday,False,False,3.99,10.6,Sunny,40,24.5
Gikondo,R101,14:00,Monday,False,False,2.42,48.0,Sunny,10,2.1
Kagugu,R202,07:45,Wednesday,False,True,4.2,46.6,Sunny,22,8.8
Nyamirambo,R101,09:45,Friday,False,True,3.77,25.3,Rainy,32,16.4
Nyamirambo,R101,16:30,Thursday,False,False,1.47,22.3,Rainy,29,4.9
Kibagabaga,R202,14:15,Thursday,False,False,4.79,44.0,Sunny,5,7.9
Kanombe,R606,12:15,Wednesday,False,False,3.94,33.7,Sunny,15,7.2
Kacyiru,R404,08:15,Wednesday,False,True,3.14,45.7,Sunny,17,4.9
Kagugu,R202,12:45,Thursday,False,False,2.08,42.8,Cloudy,35,2.2
Nyanza,R505,08:15,Saturday,True,True,4.72,29.2,Rainy,42,17.3
Nyamirambo,R606,14:30,Sunday,True,False,1.56,28.0,Cloudy,29,4.8
Nyanza,R101,14:00,Monday,False,False,1.84,24.0,Sunny,45,3.8
Remera,R202,08:30,Tuesday,False,True,3.49,12.6,Sunny,46,22.2
Gashyekero,R707,09:00,Tuesday,False,True,3.23,12.3,Rainy,45,30.0
Gikondo,R301,15:00,Monday,False,False,3.56,45.7,Sunny,11,6.1
Remera,R301,19:15,Tuesday,False,True,2.42,44.5,Rainy,13,5.8
Kibagabaga,R301,18:15,Tuesday,False,True,4.58,30.5,Cloudy,38,12.6
Kacyiru,R606,19:45,Tuesday,False,True,4.0,36.1,Cloudy,31,7.7
Kagugu,R505,08:30,Wednesday,False,True,4.57,43.2,Rainy,29,11.9
Kacyiru,R606,13:00,Thursday,False,False,4.1,14.6,Sunny,24,16.5
Nyabugogo,R505,19:30,Wednesday,False,True,3.26,43.9,Cloudy,45,7.1
Kimironko,R505,20:30,Tuesday,False,False,2.22,26.4,Rainy,36,7.7
Kanombe,R202,07:45,Saturday,True,True,1.04,10.7,Cloudy,11,7.4
Kibagabaga,R101,20:15,Sunday,True,False,2.49,26.2,Sunny,8,4.8
Remera,R505,13:00,Sunday,True,False,1.78,21.0,Cloudy,46,4.1
Nyanza,R404,13:00,Tuesday,False,False,4.0,15.3,Sunny,17,16.9
Kagugu,R301,07:30,Tuesday,False,True,4.33,19.2,Rainy,38,25.3
Kacyiru,R301,12:45,Saturday,True,False,4.79,27.9,Rainy,20,15.8
Nyabugogo,R101,12:45,Monday,False,False,1.16,21.0,Sunny,12,2.3
Gashyekero,R707,08:15,Wednesday,False,True,3.77,37.7,Sunny,9,8.3
Nyabugogo,R404,12:15,Saturday,True,False,3.98,23.0,Rainy,34,16.4
Gikondo,R404,08:15,Friday,False,True,4.25,48.3,Sunny,5,7.8
Carlos,R404,18:45,Monday,False,True,4.51,19.2,Rainy,7,24.9
Carlos,R606,11:45,Friday,False,False,3.37,24.5,Sunny,31,7.3
Nyamirambo,R301,20:30,Wednesday,False,False,1.56,21.0,Sunny,41,4.7
Nyanza,R301,05:00,Sunday,True,False,2.79,43.9,Sunny,42,4.7
Kibagabaga,R505,16:45,Friday,False,False,3.04,45.2,Sunny,14,3.1
Kagugu,R505,14:15,Friday,False,False,0.65,41.1,Sunny,28,1.9
Carlos,R606,12:15,Thursday,False,False,0.99,17.4,Cloudy,43,4.7
Nyamirambo,R606,16:00,Friday,False,False,2.88,11.5,Sunny,48,16.5
Kimironko,R707,16:15,Thursday,False,False,1.57,39.5,Sunny,9,1.4
Carlos,R101,13:00,Tuesday,False,False,1.05,26.5,Sunny,35,1.6
Kibagabaga,R707,07:00,Monday,False,True,4.09,38.3,Sunny,46,10.3
Nyamirambo,R404,06:30,Sunday,True,False,1.95,38.5,Rainy,10,6.2
Kimironko,R101,21:45,Monday,False,False,2.63,43.5,Sunny,17,4.6
Kacyiru,R404,06:30,Wednesday,False,False,1.85,45.9,Sunny,21,1.5
Kimironko,R101,06:00,Wednesday,False,False,1.72,47.8,Sunny,36,3.1
Kimironko,R301,18:30,Sunday,True,True,2.18,25.6,Rainy,8,9.0
Gikondo,R606,09:15,Wednesday,False,True,1.38,27.8,Cloudy,12,3.2
Gashyekero,R505,05:45,Saturday,True,False,4.31,11.9,Rainy,47,30.0
Carlos,R505,06:15,Tuesday,False,False,2.05,45.6,Cloudy,8,4.4
Gashyekero,R707,05:45,Friday,False,False,3.59,33.7,Sunny,15,6.8
Nyanza,R404,17:45,Thursday,False,True,2.98,13.0,Rainy,20,24.6
Gashyekero,R707,18:45,Monday,False,True,4.46,43.4,Sunny,27,9.9
Nyanza,R404,15:15,Saturday,True,False,4.44,44.1,Sunny,11,6.7
Kanombe,R707,06:15,Monday,False,False,0.97,38.4,Sunny,37,1.7
Nyabugogo,R505,07:00,Wednesday,False,True,2.0,26.1,Sunny,6,6.8
Remera,R606,10:30,Friday,False,False,4.49,45.2,Sunny,8,5.1
Kacyiru,R202,20:15,Wednesday,False,False,1.9,43.6,Rainy,9,3.1
Gatenga,R606,11:00,Wednesday,False,False,2.82,13.3,Sunny,38,12.2
Kibagabaga,R202,11:45,Tuesday,False,False,1.62,15.4,Cloudy,24,5.4
Kanombe,R101,08:15,Wednesday,False,True,1.29,44.9,Sunny,5,2.1
Nyamirambo,R101,12:00,Thursday,False,False,4.1,34.0,Cloudy,38,7.8
Kacyiru,R606,15:00,Wednesday,False,False,2.49,43.9,Rainy,18,4.1
Nyamirambo,R707,13:00,Thursday,False,False,2.52,48.8,Sunny,24,4.6
Nyamirambo,R606,16:00,Wednesday,False,False,3.48,38.9,Sunny,19,6.4
Remera,R202,15:15,Tuesday,False,False,4.03,27.2,Cloudy,37,10.8
Kacyiru,R101,18:00,Saturday,True,True,3.1,11.5,Sunny,10,20.9
Kimironko,R202,16:30,Saturday,True,False,3.55,34.5,Sunny,31,7.5
Kimironko,R505,06:45,Tuesday,False,False,0.52,38.9,Sunny,29,1.2
Gatenga,R606,07:00,Wednesday,False,True,3.55,34.9,Sunny,34,8.7
Nyanza,R707,19:30,Sunday,True,True,3.68,19.6,Sunny,31,14.8
Carlos,R202,16:15,Saturday,True,False,1.51,27.6,Sunny,46,4.1
Nyanza,R101,17:15,Saturday,True,True,3.35,33.8,Sunny,48,9.4
Carlos,R505,07:30,Saturday,True,True,2.84,40.6,Sunny,22,6.7
Gikondo,R505,17:15,Monday,False,True,4.2,14.7,Rainy,46,30.0
Kimironko,R404,15:15,Saturday,True,False,1.3,35.4,Cloudy,49,3.9
Kagugu,R101,11:30,Thursday,False,False,0.62,11.7,Sunny,10,3.7
Remera,R101,11:00,Thursday,False,False,3.38,26.0,Sunny,50,8.4
Kanombe,R101,16:30,Monday,False,False,4.05,49.2,Sunny,28,4.2
Nyamirambo,R404,19:15,Tuesday,False,True,1.51,26.6,Sunny,50,6.0
Gatenga,R101,17:15,Saturday,True,True,1.91,47.8,Sunny,40,4.8
Remera,R101,13:30,Saturday,True,False,4.98,12.9,Sunny,27,25.1
Gatenga,R301,11:45,Saturday,True,False,2.88,30.2,Cloudy,32,7.5
Gatenga,R301,07:00,Wednesday,False,True,3.13,40.3,Sunny,37,7.5
Nyanza,R301,17:00,Wednesday,False,True,3.78,28.6,Rainy,24,15.4
Kagugu,R404,11:30,Wednesday,False,False,4.09,36.0,Rainy,46,9.2
Gikondo,R404,12:00,Thursday,False,False,1.24,16.0,Rainy,7,6.0
Remera,R101,10:45,Friday,False,False,3.58,20.9,Rainy,47,15.6
Kagugu,R606,10:00,Thursday,False,False,4.33,26.6,Sunny,15,9.4
Kagugu,R606,14:45,Thursday,False,False,0.58,38.2,Sunny,34,2.3
Gatenga,R301,18:00,Monday,False,True,1.34,47.8,Sunny,45,1.3
Kibagabaga,R101,18:00,Saturday,True,True,0.86,44.5,Sunny,29,0.8
Nyanza,R101,12:15,Monday,False,False,4.14,45.6,Cloudy,40,6.4
Nyanza,R101,20:30,Wednesday,False,False,4.38,45.4,Sunny,25,5.3
Kibagabaga,R404,12:00,Sunday,True,False,1.64,49.0,Sunny,11,2.4
Nyabugogo,R202,15:30,Sunday,True,False,3.65,36.1,Rainy,29,10.4
Kanombe,R202,06:45,Friday,False,False,1.42,49.0,Sunny,35,2.9
Gashyekero,R707,09:15,Tuesday,False,True,0.52,13.9,Cloudy,5,4.7
Gatenga,R301,05:45,Monday,False,False,1.82,38.4,Rainy,40,5.6
Nyabugogo,R202,11:15,Tuesday,False,False,0.84,35.7,Sunny,32,1.4
Carlos,R301,18:15,Sunday,True,True,2.33,32.5,Sunny,18,5.2
Nyabugogo,R404,12:30,Saturday,True,False,1.12,40.1,Sunny,37,1.7
Gashyekero,R101,14:30,Monday,False,False,0.93,11.0,Sunny,40,6.0
Kimironko,R101,21:15,Sunday,True,False,1.08,19.6,Sunny,6,4.8
Kanombe,R301,20:15,Saturday,True,False,4.77,48.7,Cloudy,33,6.1
Kacyiru,R505,17:45,Monday,False,True,1.91,47.6,Rainy,36,3.7
Gatenga,R404,07:45,Wednesday,False,True,0.76,35.4,Rainy,30,2.9
Nyamirambo,R202,11:00,Sunday,True,False,1.92,28.6,Sunny,33,4.3
Nyamirambo,R101,21:15,Monday,False,False,4.86,14.2,Rainy,31,30.0
Kacyiru,R202,09:30,Friday,False,True,1.65,32.8,Sunny,5,4.4
Carlos,R301,11:00,Tuesday,False,False,3.6,12.3,Sunny,11,17.8
Gatenga,R101,12:45,Thursday,False,False,4.7,38.1,Sunny,50,7.2
Nyanza,R202,07:45,Sunday,True,True,1.01,36.4,Sunny,14,2.2
Kibagabaga,R606,15:30,Thursday,False,False,3.29,22.5,Cloudy,49,8.6
Gashyekero,R606,08:00,Sunday,True,True,5.0,31.6,Cloudy,24,12.1
Carlos,R505,19:15,Thursday,False,True,1.46,14.2,Rainy,8,11.1
Carlos,R505,19:00,Saturday,True,True,3.4,23.2,Rainy,37,17.1
Gashyekero,R404,09:15,Sunday,True,True,1.61,14.3,Rainy,39,13.9
Gatenga,R606,08:30,Friday,False,True,1.75,25.4,Rainy,50,8.6
Carlos,R101,11:15,Sunday,True,False,4.82,10.8,Rainy,41,30.0
Kanombe,R606,05:00,Thursday,False,False,1.89,41.5,Cloudy,9,1.9
Gatenga,R404,11:45,Thursday,False,False,1.93,46.0,Rainy,29,5.4
Gatenga,R404,13:00,Saturday,True,False,4.0,49.1,Cloudy,10,5.8
Kibagabaga,R301,12:45,Thursday,False,False,2.75,28.6,Sunny,48,6.5
Nyamirambo,R606,07:15,Saturday,True,True,4.92,40.0,Sunny,21,9.6
Remera,R101,14:00,Wednesday,False,False,1.45,48.8,Sunny,33,2.6
Kanombe,R505,13:45,Saturday,True,False,0.66,28.6,Sunny,23,1.4
Kagugu,R301,18:30,Saturday,True,True,4.76,26.3,Sunny,27,13.4
Nyanza,R301,20:15,Sunday,True,False,4.28,49.2,Sunny,35,6.6
Kibagabaga,R505,21:45,Tuesday,False,False,2.98,43.1,Cloudy,6,5.0
Nyanza,R505,07:00,Friday,False,True,0.78,44.4,Cloudy,13,1.3
Carlos,R101,11:30,Wednesday,False,False,0.77,11.4,Sunny,27,5.4
Kimironko,R301,06:15,Wednesday,False,False,0.84,12.5,Sunny,23,3.8
Gikondo,R404,16:00,Thursday,False,False,4.37,29.2,Sunny,48,9.0
Kimironko,R606,11:30,Thursday,False,False,0.82,27.4,Sunny,25,2.0
Gashyekero,R606,05:15,Saturday,True,False,1.78,13.7,Cloudy,38,7.8
Nyamirambo,R301,11:30,Wednesday,False,False,0.73,38.0,Rainy,38,0.7
Kanombe,R202,17:30,Saturday,True,True,4.4,13.2,Sunny,14,26.8
Nyabugogo,R301,12:30,Sunday,True,False,1.3,13.9,Rainy,20,7.4
Gatenga,R707,07:00,Saturday,True,True,0.87,17.9,Sunny,23,3.2
Kimironko,R101,07:15,Wednesday,False,True,0.78,17.6,Sunny,50,3.1
Kimironko,R606,19:00,Thursday,False,True,1.0,26.7,Sunny,32,4.8
Kanombe,R101,19:15,Sunday,True,True,2.69,19.4,Sunny,46,12.7
Gashyekero,R301,20:45,Monday,False,False,1.84,13.6,Rainy,26,12.7
Nyamirambo,R202,11:00,Tuesday,False,False,0.59,11.0,Rainy,31,3.6
Kacyiru,R101,20:00,Saturday,True,False,4.64,28.4,Sunny,48,11.3
Gatenga,R404,15:00,Tuesday,False,False,2.7,36.8,Rainy,34,8.0
Nyanza,R505,16:15,Sunday,True,False,0.84,12.5,Sunny,25,4.8
Kanombe,R404,09:00,Sunday,True,True,0.53,30.4,Cloudy,9,0.9
Nyabugogo,R404,11:00,Thursday,False,False,3.68,37.9,Sunny,20,7.4
Nyabugogo,R202,20:45,Monday,False,False,3.0,12.9,Rainy,6,21.2
Gashyekero,R301,12:15,Monday,False,False,3.31,35.3,Rainy,46,8.4
Kibagabaga,R202,07:30,Wednesday,False,True,3.7,40.2,Cloudy,22,7.6
Carlos,R505,13:30,Friday,False,False,4.41,20.0,Sunny,32,13.9
Gashyekero,R404,15:15,Thursday,False,False,1.75,42.1,Sunny,14,3.2
Carlos,R505,10:15,Friday,False,False,1.61,33.7,Sunny,45,2.6
Kacyiru,R202,17:00,Tuesday,False,True,1.72,35.6,Cloudy,30,3.7
Kagugu,R606,14:00,Monday,False,False,0.74,12.1,Rainy,36,6.0
Remera,R606,20:45,Saturday,True,False,2.95,17.3,Rainy,5,15.4
Gashyekero,R707,19:30,Saturday,True,True,4.4,47.6,Sunny,24,8.6
Kanombe,R202,15:45,Tuesday,False,False,3.41,27.2,Sunny,29,9.4
Gashyekero,R301,10:45,Monday,False,False,2.28,18.7,Sunny,29,9.2
Kacyiru,R505,19:15,Thursday,False,True,4.15,37.9,Sunny,27,9.7
Kacyiru,R707,19:15,Thursday,False,True,3.28,42.1,Sunny,31,7.5
Kibagabaga,R606,08:00,Thursday,False,True,2.78,44.3,Rainy,32,8.6
Gashyekero,R202,10:30,Tuesday,False,False,1.18,33.8,Sunny,44,2.2
Kagugu,R101,08:45,Monday,False,True,4.29,13.0,Sunny,11,27.3
Carlos,R202,12:15,Sunday,True,False,2.1,13.7,Cloudy,36,11.0
Kanombe,R707,12:45,Friday,False,False,4.54,46.0,Sunny,6,7.5
Nyamirambo,R301,10:00,Friday,False,False,1.85,33.4,Sunny,32,3.6
Remera,R505,17:30,Tuesday,False,True,4.95,13.5,Cloudy,38,27.9
Nyanza,R101,17:15,Monday,False,True,3.32,31.1,Rainy,44,12.4
Kanombe,R101,12:00,Sunday,True,False,3.98,44.5,Sunny,33,5.9
Kacyiru,R707,08:30,Wednesday,False,True,1.93,14.8,Rainy,36,15.2
Nyamirambo,R404,07:15,Sunday,True,True,3.03,29.0,Sunny,28,10.0
Nyabugogo,R505,19:45,Wednesday,False,True,4.09,25.8,Cloudy,23,13.7
Nyabugogo,R606,12:45,Thursday,False,False,3.87,39.5,Rainy,20,8.9
Kanombe,R505,21:30,Saturday,True,False,1.19,19.9,Cloudy,17,4.0
Remera,R404,05:15,Tuesday,False,False,1.84,13.1,Rainy,50,11.5
Nyabugogo,R202,20:30,Wednesday,False,False,1.22,30.0,Sunny,47,1.5
Kibagabaga,R202,19:30,Wednesday,False,True,4.0,30.2,Sunny,15,11.5
Nyanza,R505,07:30,Friday,False,True,4.99,38.3,Sunny,36,10.7
Carlos,R301,10:00,Tuesday,False,False,2.03,16.2,Rainy,20,11.7
Kacyiru,R301,21:45,Sunday,True,False,3.0,35.2,Sunny,21,6.5
Gatenga,R202,12:45,Friday,False,False,4.08,40.9,Sunny,21,5.6
Kanombe,R505,19:45,Wednesday,False,True,2.75,35.4,Rainy,10,9.6
Gikondo,R707,11:30,Tuesday,False,False,2.72,42.3,Sunny,32,3.9
Remera,R404,07:45,Wednesday,False,True,3.28,35.0,Rainy,14,10.4
Remera,R101,11:30,Friday,False,False,0.71,39.2,Sunny,10,0.5
Gikondo,R606,13:45,Tuesday,False,False,4.98,25.7,Rainy,41,16.0
Kanombe,R404,08:15,Sunday,True,True,4.49,30.4,Cloudy,31,11.5
Remera,R101,19:45,Thursday,False,True,2.58,48.9,Rainy,41,7.2
Gikondo,R202,13:45,Wednesday,False,False,4.74,27.8,Sunny,11,10.8
Nyanza,R606,21:30,Wednesday,False,False,0.59,32.3,Sunny,49,0.7
Kagugu,R707,08:30,Wednesday,False,True,2.41,17.2,Rainy,22,15.9
Nyabugogo,R301,12:45,Wednesday,False,False,1.02,26.2,Sunny,32,3.4
Nyamirambo,R606,09:30,Monday,False,True,1.69,25.6,Sunny,17,5.6
Kimironko,R301,09:45,Sunday,True,True,2.26,36.3,Sunny,44,4.8
Gatenga,R404,20:30,Monday,False,False,1.97,45.2,Cloudy,44,4.4
Kibagabaga,R707,10:15,Tuesday,False,False,1.12,37.4,Sunny,39,3.4
Nyamirambo,R202,06:45,Wednesday,False,False,0.77,18.9,Rainy,33,3.4
Remera,R707,15:00,Thursday,False,False,0.56,44.3,Rainy,6,0.5
Nyabugogo,R707,16:15,Sunday,True,False,2.6,17.2,Sunny,6,10.9
Gikondo,R606,16:00,Monday,False,False,3.72,48.1,Sunny,19,5.3
Nyabugogo,R101,15:15,Monday,False,False,1.7,28.1,Sunny,50,3.8
Gatenga,R404,13:45,Sunday,True,False,0.52,32.4,Rainy,19,3.0
Gatenga,R101,12:45,Wednesday,False,False,0.79,33.2,Rainy,14,3.1
Gashyekero,R606,20:30,Thursday,False,False,2.83,20.0,Sunny,17,7.7
Kagugu,R301,11:00,Wednesday,False,False,0.94,14.0,Sunny,7,4.4
Nyabugogo,R606,13:30,Sunday,True,False,2.86,14.5,Cloudy,6,10.9
Nyabugogo,R101,05:45,Sunday,True,False,2.14,17.6,Cloudy,6,8.8
Kacyiru,R606,10:15,Saturday,True,False,0.68,49.5,Cloudy,34,1.3
Kibagabaga,R301,05:30,Monday,False,False,3.03,36.9,Rainy,22,8.4
Kibagabaga,R404,15:30,Monday,False,False,1.95,30.4,Cloudy,41,5.8
Nyamirambo,R301,14:45,Tuesday,False,False,1.84,12.5,Sunny,43,10.5
Nyamirambo,R301,05:30,Friday,False,False,1.08,45.3,Rainy,22,2.6
Kanombe,R301,20:30,Wednesday,False,False,2.05,26.2,Sunny,8,3.8
Kimironko,R301,14:00,Thursday,False,False,4.3,38.5,Rainy,26,10.4
Gatenga,R101,08:45,Saturday,True,True,0.99,20.5,Sunny,44,4.9
Carlos,R606,15:15,Saturday,True,False,4.15,44.5,Sunny,48,5.2
Kacyiru,R505,07:15,Tuesday,False,True,2.65,29.8,Cloudy,26,6.8
Kacyiru,R404,09:00,Sunday,True,True,2.41,14.0,Rainy,38,19.7
Kanombe,R101,19:15,Sunday,True,True,1.11,22.7,Sunny,50,3.1
Gatenga,R707,16:00,Thursday,False,False,3.03,13.6,Rainy,6,20.4
Kanombe,R301,14:30,Tuesday,False,False,4.97,47.6,Rainy,39,10.1
Gatenga,R101,07:45,Tuesday,False,True,3.16,48.8,Rainy,8,8.3
Nyabugogo,R101,09:45,Friday,False,True,0.61,13.8,Cloudy,32,2.6
Carlos,R101,06:45,Saturday,True,False,4.21,41.9,Sunny,21,5.5
Nyamirambo,R202,16:15,Saturday,True,False,2.73,41.3,Sunny,28,5.2
Kibagabaga,R707,16:45,Saturday,True,False,2.88,17.2,Sunny,14,9.8
Remera,R505,12:30,Sunday,True,False,2.01,20.5,Sunny,40,5.3
Gashyekero,R202,09:45,Monday,False,True,3.32,44.3,Sunny,20,7.5
Kibagabaga,R404,10:30,Thursday,False,False,1.53,21.6,Rainy,21,7.0
Nyamirambo,R404,08:00,Monday,False,True,1.73,26.1,Rainy,41,6.4
Kacyiru,R101,07:15,Saturday,True,True,4.05,22.4,Sunny,23,14.7
Nyanza,R404,05:30,Monday,False,False,0.71,32.4,Sunny,28,0.6
Kimironko,R707,18:30,Thursday,False,True,2.59,39.3,Sunny,13,4.7
Kagugu,R301,18:15,Friday,False,True,3.72,49.6,Cloudy,14,7.5
Gatenga,R301,07:45,Friday,False,True,4.01,15.5,Cloudy,7,21.3
Gikondo,R202,20:00,Sunday,True,False,2.79,48.1,Cloudy,5,5.1
Nyanza,R707,19:30,Saturday,True,True,4.23,40.4,Sunny,17,8.2
Nyamirambo,R101,12:00,Monday,False,False,1.99,43.7,Sunny,10,4.0
Gikondo,R101,14:45,Tuesday,False,False,2.25,19.6,Sunny,9,6.7
Nyamirambo,R606,07:15,Sunday,True,True,2.2,39.3,Sunny,40,3.6
Gashyekero,R707,16:45,Thursday,False,False,2.26,19.2,Cloudy,25,7.6
Kanombe,R101,15:00,Sunday,True,False,1.65,39.1,Sunny,25,4.0
Carlos,R101,15:45,Tuesday,False,False,3.57,10.1,Sunny,31,20.3
Kanombe,R707,17:00,Tuesday,False,True,3.43,16.6,Sunny,28,15.4
Kacyiru,R301,12:00,Monday,False,False,0.53,37.2,Rainy,7,2.1
Kimironko,R202,10:00,Tuesday,False,False,2.36,43.0,Rainy,43,4.5
Gikondo,R707,11:15,Sunday,True,False,2.77,42.7,Sunny,47,5.4
Kanombe,R707,18:30,Tuesday,False,True,2.31,43.4,Sunny,6,4.2
Gashyekero,R404,12:15,Monday,False,False,0.64,19.7,Sunny,11,2.5
Nyamirambo,R301,21:00,Saturday,True,False,3.3,18.4,Sunny,5,11.6
Carlos,R404,20:00,Monday,False,False,3.47,24.4,Sunny,45,9.9
Nyabugogo,R404,16:00,Wednesday,False,False,3.21,18.0,Sunny,22,11.9
Nyamirambo,R301,16:30,Thursday,False,False,4.65,19.0,Sunny,43,15.2
Remera,R404,14:15,Saturday,True,False,0.69,36.2,Cloudy,27,1.7
Nyabugogo,R301,16:45,Thursday,False,False,1.96,17.3,Rainy,27,10.2
Kibagabaga,R202,08:45,Tuesday,False,True,2.71,17.7,Cloudy,19,11.9
Nyamirambo,R202,17:15,Sunday,True,True,2.49,24.3,Cloudy,7,7.5
Gatenga,R202,18:30,Tuesday,False,True,1.41,22.0,Rainy,31,8.0
Gatenga,R505,12:30,Thursday,False,False,1.53,34.0,Sunny,27,2.1
Kimironko,R505,18:30,Tuesday,False,True,1.99,36.9,Rainy,30,6.3
Gikondo,R301,09:45,Friday,False,True,1.08,13.4,Sunny,25,7.7
Gashyekero,R404,10:30,Sunday,True,False,3.44,49.2,Sunny,8,3.3
Gatenga,R202,05:00,Thursday,False,False,2.1,13.3,Sunny,14,10.1
Remera,R707,07:30,Tuesday,False,True,0.77,15.1,Rainy,39,6.0
Kagugu,R202,17:30,Wednesday,False,True,4.81,12.0,Cloudy,36,30.0
Nyamirambo,R707,15:45,Monday,False,False,4.06,15.1,Sunny,23,17.4
Gashyekero,R404,16:15,Monday,False,False,1.64,45.8,Cloudy,18,2.3
Nyamirambo,R505,16:15,Monday,False,False,4.39,37.2,Sunny,37,6.1
Kagugu,R301,15:30,Saturday,True,False,2.34,21.0,Cloudy,37,7.7
Kanombe,R707,16:30,Wednesday,False,False,1.33,15.2,Sunny,20,5.1
Gikondo,R606,08:30,Wednesday,False,True,2.19,21.5,Sunny,9,6.9
Carlos,R202,17:00,Sunday,True,True,2.63,37.4,Rainy,32,7.3
Nyamirambo,R606,14:30,Thursday,False,False,1.96,32.1,Sunny,25,4.8
Kanombe,R301,17:30,Sunday,True,True,3.37,39.5,Sunny,16,7.2
Carlos,R202,21:00,Wednesday,False,False,0.93,32.9,Sunny,12,1.2
Gatenga,R301,19:45,Tuesday,False,True,3.62,47.5,Cloudy,39,6.6
Gatenga,R707,12:15,Saturday,True,False,1.59,36.2,Cloudy,12,2.8
Carlos,R505,20:30,Saturday,True,False,3.3,42.4,Sunny,28,6.6
Kimironko,R707,18:00,Wednesday,False,True,1.4,38.0,Rainy,37,5.4
Gikondo,R301,07:00,Tuesday,False,True,0.85,27.5,Sunny,31,2.3
Kagugu,R202,13:00,Tuesday,False,False,4.85,17.4,Sunny,34,16.9
Nyanza,R301,14:45,Thursday,False,False,4.28,38.2,Sunny,6,7.8
Carlos,R606,16:30,Sunday,True,False,2.69,33.5,Sunny,27,4.8
Kagugu,R707,20:15,Saturday,True,False,4.31,33.3,Sunny,22,8.1
Kagugu,R707,21:30,Monday,False,False,4.55,26.3,Sunny,15,10.9
Carlos,R202,11:00,Thursday,False,False,4.39,17.6,Sunny,48,16.5
Kacyiru,R505,11:45,Thursday,False,False,2.01,33.0,Sunny,23,5.2
Kibagabaga,R707,09:30,Wednesday,False,True,4.85,27.6,Rainy,41,18.6
Kacyiru,R707,21:00,Sunday,True,False,4.45,34.0,Sunny,35,7.5
Gikondo,R606,14:45,Friday,False,False,1.96,37.7,Sunny,38,2.7
Kimironko,R404,12:45,Thursday,False,False,4.56,17.9,Rainy,21,21.7
Nyanza,R707,08:15,Tuesday,False,True,4.64,21.1,Cloudy,8,17.4
Kimironko,R606,13:00,Monday,False,False,4.0,47.5,Sunny,30,6.2
Kanombe,R404,20:45,Sunday,True,False,4.38,31.8,Sunny,40,8.1
Gatenga,R101,09:45,Friday,False,True,1.86,37.0,Rainy,17,4.6
Carlos,R505,14:15,Tuesday,False,False,2.28,30.6,Sunny,48,3.6
Kacyiru,R101,18:30,Monday,False,True,1.04,12.9,Sunny,13,6.8
Gashyekero,R101,10:15,Thursday,False,False,1.26,31.1,Rainy,30,3.6
Nyamirambo,R707,20:45,Monday,False,False,3.44,30.0,Cloudy,12,6.6
Kimironko,R101,07:15,Friday,False,True,1.21,31.7,Sunny,18,3.1
Gatenga,R505,15:00,Thursday,False,False,3.46,30.2,Sunny,24,6.5
Kimironko,R707,21:45,Friday,False,False,3.42,23.7,Sunny,30,7.9
Nyamirambo,R606,21:30,Sunday,True,False,3.57,32.1,Sunny,43,6.5
Nyabugogo,R101,20:15,Saturday,True,False,1.2,48.4,Sunny,17,2.1
Remera,R301,20:00,Wednesday,False,False,2.43,27.9,Sunny,11,6.4
Nyamirambo,R202,15:45,Friday,False,False,3.28,18.0,Sunny,11,10.8
Remera,R606,10:45,Friday,False,False,3.27,38.5,Cloudy,6,4.2
Remera,R101,07:45,Tuesday,False,True,4.35,33.5,Sunny,22,10.6
Carlos,R606,05:00,Saturday,True,False,1.05,35.6,Cloudy,33,2.3
Nyanza,R404,21:00,Monday,False,False,2.76,29.0,Sunny,29,7.7
Gashyekero,R101,10:30,Wednesday,False,False,3.89,17.1,Sunny,5,12.7
Nyabugogo,R505,05:15,Saturday,True,False,2.11,42.1,Sunny,14,2.8
Gatenga,R606,12:45,Tuesday,False,False,1.82,20.0,Cloudy,6,4.6
Gikondo,R202,10:00,Thursday,False,False,3.62,37.5,Rainy,49,8.7
Gatenga,R301,21:45,Monday,False,False,1.92,18.5,Sunny,17,8.1
Kimironko,R404,12:00,Friday,False,False,1.49,42.7,Sunny,43,2.7
Gashyekero,R707,05:15,Sunday,True,False,2.35,12.8,Cloudy,21,11.4
Nyanza,R505,11:45,Friday,False,False,1.34,36.7,Sunny,50,2.8
Kacyiru,R606,07:00,Thursday,False,True,4.58,11.5,Sunny,11,30.0
Nyanza,R404,14:30,Tuesday,False,False,3.0,13.0,Sunny,19,15.8
Nyanza,R404,10:30,Tuesday,False,False,4.58,15.8,Sunny,14,16.8
Carlos,R707,19:00,Wednesday,False,True,2.3,40.0,Sunny,30,6.4
Remera,R707,09:45,Wednesday,False,True,4.13,17.0,Sunny,31,18.3
Carlos,R505,20:30,Wednesday,False,False,3.27,30.3,Sunny,32,8.1
Kimironko,R505,14:00,Thursday,False,False,4.68,39.1,Cloudy,18,6.8
Kanombe,R505,16:00,Saturday,True,False,1.22,25.9,Cloudy,36,3.1
Nyabugogo,R505,09:30,Tuesday,False,True,1.17,26.0,Sunny,12,5.2
Gashyekero,R101,16:15,Tuesday,False,False,4.56,46.7,Sunny,6,5.1
Gatenga,R101,17:45,Thursday,False,True,2.0,46.6,Sunny,35,2.8
Gashyekero,R404,06:15,Saturday,True,False,2.13,14.6,Sunny,8,10.0
Kibagabaga,R404,10:45,Friday,False,False,3.9,31.5,Sunny,18,7.2
Remera,R505,13:15,Thursday,False,False,3.12,37.4,Rainy,37,7.5
Nyanza,R301,20:15,Monday,False,False,4.85,27.5,Sunny,47,10.2
Remera,R202,17:15,Monday,False,True,3.37,41.7,Cloudy,44,5.8
Gikondo,R301,12:45,Sunday,True,False,0.62,40.0,Sunny,28,2.0
Gashyekero,R301,19:15,Wednesday,False,True,3.97,29.3,Cloudy,26,10.7
Gatenga,R707,08:45,Thursday,False,True,1.84,18.8,Cloudy,39,8.1
Nyabugogo,R101,10:15,Monday,False,False,2.34,42.4,Sunny,30,2.4
Kibagabaga,R505,14:00,Tuesday,False,False,3.92,12.3,Sunny,38,18.6
Nyamirambo,R301,08:00,Sunday,True,True,2.14,36.7,Sunny,47,4.8
Nyabugogo,R202,15:30,Monday,False,False,0.87,28.2,Sunny,19,2.8
Nyanza,R301,18:15,Wednesday,False,True,0.56,35.4,Sunny,35,0.9
Kagugu,R505,16:00,Sunday,True,False,4.43,32.2,Sunny,28,8.3
Kimironko,R301,09:00,Friday,False,True,4.73,43.5,Sunny,34,8.8
Kanombe,R101,06:45,Friday,False,False,3.01,16.1,Sunny,16,11.1
Carlos,R202,19:15,Thursday,False,True,2.32,29.8,Rainy,25,10.1
Nyanza,R202,09:30,Thursday,False,True,3.11,44.4,Sunny,49,7.1
Gatenga,R404,08:15,Wednesday,False,True,4.72,12.0,Sunny,12,30.0
Nyamirambo,R202,18:00,Sunday,True,True,0.96,16.4,Sunny,11,5.1
Kagugu,R404,13:15,Friday,False,False,0.78,36.3,Sunny,15,0.6
Nyamirambo,R404,21:45,Tuesday,False,False,1.08,28.8,Sunny,47,2.0
Nyabugogo,R606,11:15,Sunday,True,False,4.61,20.6,Sunny,42,13.3
Gashyekero,R202,09:15,Wednesday,False,True,4.41,36.3,Sunny,21,8.9
Kanombe,R505,05:00,Monday,False,False,4.29,21.1,Cloudy,47,12.6
Kibagabaga,R707,09:30,Saturday,True,True,3.19,36.2,Sunny,43,6.3
Remera,R505,16:45,Friday,False,False,4.02,46.0,Sunny,6,6.9
Carlos,R404,10:15,Friday,False,False,4.77,45.1,Rainy,11,9.2
Nyamirambo,R404,11:00,Saturday,True,False,2.61,41.4,Sunny,7,5.2
Gatenga,R505,14:00,Saturday,True,False,0.56,46.2,Rainy,34,1.1
Nyabugogo,R101,09:30,Friday,False,True,1.82,25.9,Sunny,39,5.4
Nyabugogo,R202,13:00,Tuesday,False,False,1.78,46.3,Sunny,41,4.1
Kimironko,R101,13:00,Thursday,False,False,0.88,15.8,Cloudy,35,4.7
Kagugu,R707,05:15,Wednesday,False,False,3.02,19.6,Sunny,44,10.9
Remera,R505,19:45,Saturday,True,True,2.25,30.5,Rainy,40,7.8
Gashyekero,R202,11:00,Monday,False,False,1.56,23.7,Sunny,44,5.9
Nyabugogo,R301,11:30,Thursday,False,False,0.61,19.7,Cloudy,7,2.6
Nyabugogo,R202,12:00,Thursday,False,False,3.11,44.0,Rainy,41,6.8
Kacyiru,R606,21:45,Thursday,False,False,4.34,37.4,Rainy,38,11.1
Carlos,R505,19:00,Saturday,True,True,3.99,29.4,Cloudy,32,10.0
Nyamirambo,R301,20:30,Monday,False,False,4.3,32.4,Cloudy,33,7.7
Remera,R202,06:15,Saturday,True,False,2.81,33.7,Cloudy,28,4.5
Kimironko,R301,12:45,Tuesday,False,False,3.15,33.3,Sunny,8,7.2
Gikondo,R202,21:30,Wednesday,False,False,1.33,28.6,Cloudy,11,2.4
Kimironko,R301,06:15,Friday,False,False,4.94,20.1,Sunny,18,15.6
Gatenga,R404,09:15,Wednesday,False,True,1.95,42.9,Rainy,8,6.4
Kacyiru,R202,18:00,Monday,False,True,1.35,25.4,Sunny,17,4.0
Gatenga,R606,10:15,Thursday,False,False,3.45,30.4,Cloudy,46,8.7
Nyamirambo,R101,18:45,Friday,False,True,2.86,34.5,Rainy,27,10.3
Gashyekero,R404,06:45,Monday,False,False,1.86,22.3,Cloudy,17,5.0
Gikondo,R606,06:45,Friday,False,False,2.01,45.0,Rainy,30,2.8
Kagugu,R101,15:15,Sunday,True,False,4.19,29.6,Sunny,27,8.2
Nyabugogo,R101,20:45,Thursday,False,False,2.52,29.8,Sunny,37,4.7
Remera,R404,18:30,Tuesday,False,True,2.81,16.0,Rainy,24,21.0
Gatenga,R606,12:15,Tuesday,False,False,1.47,40.0,Sunny,22,3.4
Remera,R505,12:00,Monday,False,False,4.98,25.5,Sunny,23,13.4
Carlos,R101,20:30,Friday,False,False,4.85,37.5,Sunny,40,7.6
Carlos,R404,13:30,Friday,False,False,3.79,10.9,Sunny,30,20.4
Carlos,R707,17:45,Thursday,False,True,2.16,34.9,Rainy,11,8.0
Kagugu,R606,06:30,Sunday,True,False,2.42,34.5,Rainy,22,6.4
Remera,R404,13:00,Monday,False,False,2.33,22.7,Sunny,8,6.1
Kanombe,R707,13:00,Tuesday,False,False,1.45,41.4,Rainy,26,2.8
Kacyiru,R707,12:45,Sunday,True,False,1.19,17.2,Rainy,34,5.9
Gashyekero,R101,12:30,Saturday,True,False,3.92,35.0,Sunny,43,6.3
Kanombe,R202,05:15,Sunday,True,False,1.32,17.9,Sunny,49,4.1
Remera,R301,14:15,Monday,False,False,4.12,45.9,Sunny,30,6.6
Gikondo,R101,07:30,Friday,False,True,1.43,29.4,Cloudy,9,4.6
Nyamirambo,R101,12:00,Friday,False,False,3.26,20.5,Sunny,22,10.1
Nyanza,R101,18:15,Saturday,True,True,4.85,36.0,Sunny,44,9.8
Nyanza,R404,05:00,Wednesday,False,False,0.97,25.4,Sunny,6,1.7
Kimironko,R202,10:45,Monday,False,False,3.48,41.4,Sunny,23,5.5
Kibagabaga,R606,08:00,Monday,False,True,2.84,20.7,Rainy,25,14.2
Gikondo,R505,20:45,Monday,False,False,2.25,28.6,Sunny,48,5.7
Carlos,R707,19:00,Thursday,False,True,1.87,33.1,Sunny,33,5.5
Nyanza,R707,21:45,Sunday,True,False,3.81,35.0,Cloudy,35,7.5
Nyamirambo,R606,08:30,Wednesday,False,True,2.34,11.0,Sunny,39,18.1
Gashyekero,R301,09:45,Tuesday,False,True,0.85,32.9,Cloudy,45,2.1
Kimironko,R404,11:00,Wednesday,False,False,1.97,15.4,Sunny,47,9.7
Kanombe,R707,19:45,Tuesday,False,True,4.54,22.0,Sunny,30,15.6
Nyabugogo,R101,13:15,Saturday,True,False,2.44,34.6,Sunny,45,5.3
Kagugu,R301,09:00,Thursday,False,True,1.61,46.2,Sunny,8,3.4
Gikondo,R301,15:45,Wednesday,False,False,1.7,15.3,Rainy,14,9.0
Gashyekero,R101,19:00,Thursday,False,True,1.55,21.3,Cloudy,14,6.4
Gashyekero,R505,20:45,Monday,False,False,4.81,41.5,Cloudy,50,7.4
Gashyekero,R202,06:45,Sunday,True,False,2.88,49.8,Cloudy,10,3.0
Gashyekero,R202,09:30,Saturday,True,True,1.8,13.2,Sunny,5,9.7
Kimironko,R404,13:15,Wednesday,False,False,4.16,13.5,Sunny,48,18.3
Kanombe,R101,13:45,Sunday,True,False,3.4,49.0,Sunny,10,5.0
Kacyiru,R505,20:45,Tuesday,False,False,2.87,21.6,Cloudy,34,9.0
Gikondo,R606,16:00,Saturday,True,False,3.23,12.0,Cloudy,19,15.4
Nyanza,R707,12:00,Sunday,True,False,0.91,24.4,Sunny,40,1.5
Remera,R404,14:30,Wednesday,False,False,2.17,38.0,Sunny,17,4.4
Nyanza,R202,12:00,Saturday,True,False,1.91,26.3,Sunny,32,6.1
Gashyekero,R101,20:00,Thursday,False,False,3.26,24.9,Rainy,41,12.9
Remera,R707,13:00,Saturday,True,False,4.15,20.7,Sunny,18,13.3
Gikondo,R404,05:15,Tuesday,False,False,2.04,17.3,Rainy,14,10.4
Remera,R606,11:45,Thursday,False,False,3.01,22.0,Rainy,49,12.1
Kimironko,R404,20:45,Sunday,True,False,4.31,36.5,Sunny,32,8.0
Remera,R404,17:45,Saturday,True,True,0.61,46.0,Sunny,15,2.7
Kibagabaga,R202,12:30,Friday,False,False,2.48,10.5,Rainy,10,19.1
Kanombe,R606,21:00,Friday,False,False,2.62,36.0,Sunny,30,4.6
Gashyekero,R404,13:15,Saturday,True,False,3.67,10.0,Sunny,9,23.8
Kanombe,R606,16:30,Monday,False,False,0.76,35.4,Cloudy,8,1.6
Kibagabaga,R505,07:30,Tuesday,False,True,3.93,34.9,Sunny,46,8.2
Gashyekero,R301,10:15,Monday,False,False,0.61,36.9,Rainy,21,1.9
Remera,R606,21:00,Saturday,True,False,1.54,31.0,Sunny,48,2.9
Gikondo,R202,19:15,Wednesday,False,True,3.29,35.6,Sunny,13,8.1
Nyabugogo,R202,09:00,Friday,False,True,2.01,31.1,Sunny,5,6.7
Kagugu,R301,21:30,Friday,False,False,3.27,30.6,Sunny,24,6.7
Kanombe,R505,09:15,Thursday,False,True,0.52,29.6,Cloudy,9,2.3
Kacyiru,R707,14:15,Tuesday,False,False,3.35,42.4,Sunny,21,4.4
Kanombe,R707,15:30,Wednesday,False,False,4.87,35.8,Rainy,41,11.8
Kibagabaga,R707,20:30,Monday,False,False,3.8,40.9,Cloudy,32,6.9
Gashyekero,R101,14:15,Tuesday,False,False,3.59,11.4,Sunny,15,20.0
Gikondo,R301,16:45,Wednesday,False,False,1.05,30.1,Sunny,18,2.5
Kibagabaga,R404,15:00,Friday,False,False,2.02,30.2,Sunny,38,3.9
Kanombe,R505,06:30,Monday,False,False,2.13,29.8,Rainy,5,5.1
Nyanza,R202,20:30,Monday,False,False,3.28,14.7,Sunny,25,15.0
Gatenga,R202,18:30,Sunday,True,True,2.27,20.2,Cloudy,47,9.9
Remera,R101,10:00,Friday,False,False,0.94,15.2,Sunny,27,3.8
Kimironko,R101,18:45,Monday,False,True,4.61,12.6,Cloudy,43,27.7
Remera,R101,12:30,Wednesday,False,False,3.12,27.9,Sunny,42,7.3
Kacyiru,R301,20:00,Thursday,False,False,0.58,28.3,Sunny,28,3.0
Kagugu,R707,16:30,Thursday,False,False,4.06,41.4,Sunny,7,6.4
Nyamirambo,R101,17:30,Wednesday,False,True,2.03,16.5,Sunny,18,11.2
Kanombe,R202,08:45,Sunday,True,True,2.67,18.1,Rainy,6,16.6
Kagugu,R301,09:00,Thursday,False,True,4.14,30.3,Sunny,40,11.7
Kagugu,R202,07:45,Wednesday,False,True,3.59,11.5,Sunny,18,25.7
Kagugu,R301,05:30,Tuesday,False,False,2.24,13.1,Sunny,11,10.9
Kimironko,R101,21:15,Monday,False,False,4.99,32.4,Cloudy,49,10.8
Kimironko,R301,19:30,Monday,False,True,1.78,25.2,Sunny,45,7.0
Carlos,R505,12:30,Monday,False,False,1.09,18.2,Sunny,24,4.3
Carlos,R505,18:30,Thursday,False,True,0.57,24.5,Sunny,26,2.7
Nyamirambo,R404,12:00,Wednesday,False,False,1.78,44.6,Sunny,48,2.8
Gatenga,R606,18:15,Thursday,False,True,1.32,49.6,Sunny,32,3.7
Gatenga,R707,13:15,Tuesday,False,False,0.72,41.8,Sunny,46,0.2
Nyanza,R301,11:15,Tuesday,False,False,1.65,16.1,Sunny,22,8.1
Kimironko,R404,17:30,Saturday,True,True,1.83,42.9,Rainy,35,6.3
Remera,R505,13:45,Sunday,True,False,2.58,25.2,Rainy,46,8.7
Kimironko,R404,19:00,Tuesday,False,True,1.79,16.3,Sunny,41,8.7
Kimironko,R404,20:00,Saturday,True,False,1.18,45.4,Cloudy,30,3.2
Remera,R301,13:30,Friday,False,False,2.47,43.4,Cloudy,37,4.7
Carlos,R707,08:00,Tuesday,False,True,3.27,14.2,Rainy,50,24.9
Gatenga,R301,14:00,Friday,False,False,4.67,22.0,Sunny,44,12.2
Kimironko,R606,15:00,Wednesday,False,False,2.05,40.7,Sunny,19,3.2
Gikondo,R707,11:45,Saturday,True,False,2.16,30.8,Sunny,49,4.3
Remera,R606,16:15,Sunday,True,False,0.55,23.5,Rainy,16,3.1
Nyamirambo,R101,07:45,Friday,False,True,1.79,27.2,Sunny,46,5.6
Kanombe,R301,05:00,Monday,False,False,1.38,40.7,Cloudy,24,1.9
Gikondo,R301,18:30,Tuesday,False,True,1.43,23.8,Cloudy,13,4.7
Nyamirambo,R707,05:45,Friday,False,False,4.91,24.5,Rainy,27,16.1
Kibagabaga,R202,10:15,Sunday,True,False,4.01,34.8,Sunny,23,8.7
Kimironko,R101,05:45,Thursday,False,False,0.66,35.9,Sunny,41,1.3
Nyamirambo,R606,06:45,Saturday,True,False,3.39,22.3,Cloudy,12,10.0
Gatenga,R301,06:30,Monday,False,False,2.87,19.7,Rainy,45,12.7
Gashyekero,R505,14:15,Thursday,False,False,1.91,17.5,Sunny,5,6.4
Gikondo,R202,09:00,Sunday,True,True,3.21,29.6,Sunny,43,8.1
Nyabugogo,R301,17:15,Tuesday,False,True,4.72,18.0,Sunny,18,21.3
Kagugu,R202,16:45,Monday,False,False,0.94,41.8,Sunny,32,2.5
Kagugu,R101,16:00,Wednesday,False,False,2.82,35.6,Sunny,39,6.0
Nyanza,R707,21:15,Monday,False,False,0.71,29.8,Rainy,21,2.6
Kibagabaga,R606,09:15,Wednesday,False,True,2.92,35.6,Sunny,36,8.2
Kanombe,R301,05:30,Saturday,True,False,0.6,40.2,Sunny,18,2.1
Kacyiru,R404,10:15,Wednesday,False,False,4.11,30.1,Sunny,21,7.4
Nyabugogo,R202,15:00,Friday,False,False,2.3,46.2,Sunny,16,3.7
Carlos,R202,07:00,Saturday,True,True,4.86,39.0,Sunny,43,11.1
Gashyekero,R606,12:00,Sunday,True,False,4.63,15.0,Sunny,49,17.7
Kimironko,R101,20:15,Friday,False,False,3.79,31.7,Sunny,47,8.5
Carlos,R301,13:45,Friday,False,False,2.09,35.2,Sunny,21,5.3
Kibagabaga,R505,19:00,Thursday,False,True,4.74,33.0,Sunny,7,10.7
Nyabugogo,R404,17:45,Wednesday,False,True,3.35,37.3,Sunny,39,9.0
Gikondo,R606,21:30,Saturday,True,False,1.3,16.3,Sunny,41,6.4
Carlos,R505,10:30,Wednesday,False,False,4.84,28.2,Cloudy,37,10.8
Gashyekero,R707,07:15,Wednesday,False,True,4.52,47.2,Sunny,9,8.9
Kanombe,R101,07:45,Tuesday,False,True,1.56,15.2,Sunny,31,7.2
Gatenga,R101,18:30,Wednesday,False,True,4.11,12.8,Rainy,36,30.0
Nyamirambo,R505,06:30,Friday,False,False,1.49,33.6,Sunny,47,4.3
Nyabugogo,R101,07:45,Wednesday,False,True,0.86,10.4,Sunny,21,7.6
Nyanza,R301,12:45,Sunday,True,False,2.77,18.5,Sunny,6,10.0
Kagugu,R101,09:00,Monday,False,True,3.15,32.7,Sunny,35,8.7
Kagugu,R707,14:45,Wednesday,False,False,2.71,46.1,Cloudy,37,4.6
Nyamirambo,R101,16:45,Tuesday,False,False,1.24,10.9,Sunny,40,6.4
Remera,R505,12:00,Monday,False,False,2.84,23.9,Cloudy,45,7.5
Nyanza,R404,19:30,Sunday,True,True,1.88,32.8,Cloudy,35,5.3
Kacyiru,R404,07:15,Saturday,True,True,4.19,45.6,Sunny,26,8.1
Remera,R707,10:45,Tuesday,False,False,2.76,29.4,Cloudy,36,5.3
Kibagabaga,R606,17:15,Thursday,False,True,3.27,23.6,Sunny,30,9.9
Kagugu,R606,13:45,Friday,False,False,4.08,23.5,Sunny,10,9.5
Gashyekero,R202,10:45,Wednesday,False,False,2.98,44.9,Sunny,38,4.4
Nyanza,R505,05:00,Monday,False,False,3.11,24.2,Sunny,32,9.1
Gashyekero,R505,06:15,Monday,False,False,4.7,45.6,Rainy,44,9.6
Kacyiru,R707,14:00,Friday,False,False,2.08,27.3,Sunny,33,6.1
Gashyekero,R101,17:00,Thursday,False,True,2.96,45.2,Cloudy,12,5.2
Kacyiru,R404,12:00,Wednesday,False,False,4.64,48.6,Rainy,9,7.3
Kimironko,R505,06:00,Sunday,True,False,2.97,13.8,Rainy,49,18.7
Kimironko,R301,16:30,Friday,False,False,3.54,32.2,Sunny,6,7.5
Gikondo,R606,19:15,Sunday,True,True,4.91,10.6,Rainy,26,30.0
Kacyiru,R404,06:45,Wednesday,False,False,0.77,12.1,Sunny,30,5.0
Gikondo,R101,12:00,Tuesday,False,False,3.91,48.7,Sunny,20,4.7
Nyabugogo,R101,05:00,Friday,False,False,2.21,23.4,Sunny,7,6.5
Kanombe,R101,10:45,Tuesday,False,False,1.52,36.0,Sunny,36,2.2
Gikondo,R606,19:45,Tuesday,False,True,1.62,25.2,Sunny,11,4.3
Kagugu,R101,10:45,Sunday,True,False,0.79,29.7,Sunny,35,2.7
Kacyiru,R505,12:00,Thursday,False,False,1.17,39.4,Rainy,39,4.3
Kimironko,R202,17:00,Monday,False,True,1.14,33.9,Cloudy,21,3.5
Gatenga,R301,19:30,Friday,False,True,0.58,17.8,Sunny,32,2.2
Kibagabaga,R101,12:30,Friday,False,False,2.49,41.5,Sunny,16,5.1
Kanombe,R101,14:15,Monday,False,False,3.85,43.4,Sunny,29,5.0
Nyabugogo,R404,16:00,Sunday,True,False,3.31,37.1,Sunny,21,6.0
Nyabugogo,R707,06:45,Friday,False,False,0.88,33.7,Sunny,29,3.4
Remera,R404,12:45,Saturday,True,False,1.72,15.9,Sunny,29,7.6
Kibagabaga,R505,19:30,Thursday,False,True,4.8,41.0,Rainy,35,13.5
Kibagabaga,R202,19:45,Thursday,False,True,4.65,12.5,Sunny,48,30.0
Kanombe,R505,15:00,Wednesday,False,False,4.07,44.5,Cloudy,26,6.1
Kacyiru,R707,11:15,Wednesday,False,False,1.3,13.9,Cloudy,12,4.8
Nyanza,R101,20:15,Friday,False,False,2.59,24.1,Cloudy,38,6.6
Carlos,R404,08:30,Wednesday,False,True,3.58,28.8,Sunny,43,8.9
Gashyekero,R606,21:30,Wednesday,False,False,4.3,27.1,Sunny,42,10.4
Kagugu,R505,15:00,Saturday,True,False,2.52,24.0,Rainy,27,9.3
Nyabugogo,R404,18:45,Sunday,True,True,1.3,19.9,Sunny,29,5.6
Nyabugogo,R505,06:45,Friday,False,False,2.6,19.7,Sunny,39,9.9
Gatenga,R404,07:45,Sunday,True,True,0.59,37.2,Sunny,38,0.5
Nyabugogo,R707,16:15,Wednesday,False,False,1.95,27.4,Sunny,23,4.5
Gashyekero,R301,17:00,Monday,False,True,4.01,17.3,Sunny,5,17.7
Carlos,R404,07:15,Sunday,True,True,0.58,28.8,Sunny,11,0.7
Kagugu,R202,15:30,Tuesday,False,False,0.65,20.9,Rainy,50,4.4
Kagugu,R301,17:45,Saturday,True,True,4.53,10.1,Cloudy,19,30.0
Nyanza,R505,14:15,Sunday,True,False,3.9,15.2,Cloudy,24,16.4
Gashyekero,R301,05:30,Tuesday,False,False,2.59,48.2,Sunny,37,3.5
Nyamirambo,R505,05:30,Friday,False,False,3.35,48.7,Sunny,30,4.7
Gashyekero,R606,16:15,Saturday,True,False,0.82,28.6,Sunny,23,1.2
Gatenga,R301,10:15,Monday,False,False,3.94,30.6,Cloudy,31,7.0
Kanombe,R707,06:45,Thursday,False,False,1.14,33.5,Sunny,23,1.3
Gashyekero,R505,11:00,Friday,False,False,1.15,17.9,Sunny,31,3.2
Gikondo,R505,14:30,Tuesday,False,False,0.83,39.5,Sunny,49,3.1
Kanombe,R707,08:15,Thursday,False,True,1.94,17.5,Sunny,34,9.6
Remera,R404,13:00,Wednesday,False,False,3.18,44.8,Cloudy,11,3.5
Kanombe,R606,16:30,Monday,False,False,3.19,13.9,Cloudy,11,14.4
Nyamirambo,R707,19:00,Wednesday,False,True,4.69,37.3,Rainy,46,12.9
Gatenga,R202,21:15,Sunday,True,False,4.04,33.1,Sunny,7,7.8
Kibagabaga,R301,09:00,Friday,False,True,0.74,45.1,Sunny,13,3.2
Nyamirambo,R404,13:15,Thursday,False,False,3.93,42.5,Cloudy,36,5.1
Nyamirambo,R505,14:45,Monday,False,False,0.84,45.6,Cloudy,15,1.0
Kacyiru,R606,11:45,Wednesday,False,False,0.89,14.3,Cloudy,50,5.6
Remera,R707,10:45,Wednesday,False,False,2.36,13.9,Rainy,35,14.5
Remera,R404,09:00,Monday,False,True,4.82,45.2,Sunny,32,10.3
Nyamirambo,R301,12:00,Sunday,True,False,3.15,19.1,Sunny,6,9.0
Kacyiru,R707,13:15,Thursday,False,False,2.93,14.6,Cloudy,14,12.2
Gatenga,R202,05:30,Monday,False,False,1.99,40.7,Rainy,24,4.8
Kagugu,R101,18:45,Friday,False,True,1.76,49.3,Rainy,26,3.2
Kanombe,R505,18:00,Monday,False,True,4.38,14.0,Cloudy,16,25.4
Gashyekero,R301,09:00,Thursday,False,True,2.84,23.6,Cloudy,34,10.2
Nyanza,R707,16:00,Monday,False,False,1.44,49.4,Sunny,10,2.8
Gikondo,R404,17:00,Tuesday,False,True,1.42,13.4,Cloudy,44,7.4
Gashyekero,R404,05:00,Wednesday,False,False,2.44,46.1,Cloudy,41,3.8
Nyamirambo,R707,16:00,Sunday,True,False,4.35,43.6,Sunny,20,5.0
Carlos,R301,12:30,Tuesday,False,False,0.71,43.1,Sunny,10,2.5
Carlos,R505,12:30,Wednesday,False,False,4.6,39.7,Sunny,48,8.8
Kibagabaga,R101,08:00,Saturday,True,True,1.86,17.8,Sunny,49,8.4
Kibagabaga,R404,14:15,Thursday,False,False,1.45,10.6,Rainy,17,12.2
Gikondo,R505,13:45,Thursday,False,False,0.57,20.8,Sunny,44,2.3
Kibagabaga,R505,15:15,Tuesday,False,False,4.78,33.8,Rainy,50,11.1
Nyanza,R505,08:00,Thursday,False,True,3.65,32.3,Sunny,13,8.1
Gikondo,R505,09:45,Sunday,True,True,4.63,19.0,Sunny,16,20.4
Kanombe,R707,19:15,Tuesday,False,True,3.63,17.3,Sunny,32,16.4
Nyanza,R707,21:15,Friday,False,False,4.79,33.0,Cloudy,12,10.3
Nyamirambo,R301,20:30,Thursday,False,False,0.81,14.6,Cloudy,39,4.9
Gashyekero,R606,19:15,Wednesday,False,True,4.02,43.2,Sunny,11,7.1
Nyabugogo,R301,07:15,Wednesday,False,True,4.21,38.4,Rainy,47,11.2
Remera,R404,17:15,Wednesday,False,True,4.53,30.1,Rainy,11,15.5
Gashyekero,R101,07:45,Monday,False,True,2.57,42.6,Sunny,19,4.2
Kanombe,R707,14:00,Wednesday,False,False,1.8,33.8,Cloudy,49,4.1
Kacyiru,R606,11:15,Tuesday,False,False,2.12,30.7,Sunny,7,4.6
Remera,R505,17:00,Tuesday,False,True,3.22,31.1,Sunny,50,8.3
Kibagabaga,R202,11:00,Monday,False,False,2.41,10.2,Cloudy,36,13.7
Remera,R707,13:00,Thursday,False,False,3.45,28.0,Sunny,11,7.1
Remera,R301,14:45,Thursday,False,False,2.93,31.6,Sunny,14,6.1
Carlos,R505,05:00,Saturday,True,False,0.64,17.7,Rainy,36,4.0
Kanombe,R707,19:45,Friday,False,True,4.94,37.7,Sunny,16,10.9
Gashyekero,R505,14:00,Sunday,True,False,3.07,34.2,Sunny,19,6.7
Carlos,R404,16:00,Wednesday,False,False,3.76,12.5,Rainy,20,25.0
Nyabugogo,R301,20:30,Friday,False,False,4.5,25.7,Sunny,11,11.4
Nyamirambo,R707,08:45,Sunday,True,True,0.54,24.1,Rainy,7,1.8
Carlos,R404,05:30,Thursday,False,False,2.29,15.1,Sunny,16,10.6
Nyamirambo,R202,12:00,Monday,False,False,1.98,46.4,Rainy,9,2.7
Gashyekero,R707,12:45,Thursday,False,False,4.35,13.0,Cloudy,50,21.4
Nyabugogo,R505,17:45,Sunday,True,True,1.99,45.0,Rainy,10,4.3
Kacyiru,R202,12:00,Wednesday,False,False,3.14,32.7,Cloudy,13,6.1
Remera,R101,07:45,Tuesday,False,True,0.62,40.3,Cloudy,34,2.7
Kagugu,R707,19:30,Wednesday,False,True,3.82,48.7,Sunny,13,5.8
Nyamirambo,R707,06:00,Wednesday,False,False,1.86,47.5,Rainy,46,3.5
Remera,R101,14:00,Monday,False,False,2.74,16.3,Sunny,5,11.7
Gatenga,R606,19:15,Sunday,True,True,2.39,29.2,Cloudy,23,8.0
Kacyiru,R606,18:15,Saturday,True,True,1.95,22.6,Sunny,36,6.3
Gatenga,R404,14:15,Sunday,True,False,0.94,39.9,Sunny,11,2.9
Carlos,R202,19:45,Thursday,False,True,2.54,19.6,Sunny,46,9.7
Gikondo,R505,12:00,Friday,False,False,3.2,43.3,Rainy,44,6.5
Kacyiru,R301,11:30,Tuesday,False,False,2.16,22.4,Rainy,35,7.1
Kanombe,R202,21:30,Sunday,True,False,4.85,24.3,Cloudy,49,13.5
Kibagabaga,R707,13:45,Saturday,True,False,4.84,24.6,Cloudy,9,12.9
Gashyekero,R707,12:45,Thursday,False,False,3.88,41.1,Sunny,10,6.3
Gashyekero,R301,20:15,Thursday,False,False,4.32,34.5,Sunny,14,9.5
Kimironko,R404,08:45,Sunday,True,True,3.26,18.6,Sunny,42,12.8
Nyabugogo,R301,09:15,Sunday,True,True,2.04,40.1,Sunny,15,5.2
Nyabugogo,R505,08:30,Thursday,False,True,3.94,10.4,Cloudy,47,30.0
Carlos,R404,20:15,Tuesday,False,False,1.0,28.9,Sunny,49,4.0
Nyamirambo,R101,21:15,Saturday,True,False,1.7,10.2,Sunny,44,9.5
Kanombe,R101,21:15,Saturday,True,False,3.36,44.7,Sunny,46,3.9
Kacyiru,R202,09:45,Wednesday,False,True,3.39,35.7,Cloudy,31,7.7
Kacyiru,R101,16:15,Saturday,True,False,1.41,28.0,Cloudy,30,3.0
Nyabugogo,R606,10:30,Friday,False,False,2.5,45.6,Rainy,30,6.0
Remera,R301,17:30,Thursday,False,True,4.79,11.7,Sunny,38,30.0
Gashyekero,R505,15:00,Thursday,False,False,1.93,33.0,Sunny,41,5.3
Kanombe,R301,05:00,Saturday,True,False,3.5,49.7,Sunny,31,5.3
Gatenga,R301,20:00,Thursday,False,False,1.0,38.6,Rainy,18,3.2
Gatenga,R101,12:15,Thursday,False,False,4.99,22.2,Sunny,24,15.2
Kacyiru,R101,13:15,Monday,False,False,2.1,44.5,Sunny,44,3.3
Remera,R101,19:15,Monday,False,True,0.96,20.7,Sunny,37,4.7
Gikondo,R606,18:00,Monday,False,True,3.82,33.2,Rainy,48,13.8
Gikondo,R404,19:00,Saturday,True,True,4.83,35.3,Sunny,45,11.9
Carlos,R301,09:15,Sunday,True,True,1.51,26.9,Sunny,14,3.5
Gikondo,R202,14:45,Monday,False,False,4.41,11.2,Sunny,19,25.0
Kanombe,R707,05:45,Thursday,False,False,4.01,41.8,Cloudy,9,5.3
Nyabugogo,R101,14:00,Wednesday,False,False,4.11,28.4,Sunny,15,8.2
Nyamirambo,R101,20:45,Saturday,True,False,1.08,11.8,Sunny,25,6.6
Gikondo,R505,07:45,Saturday,True,True,2.8,12.6,Rainy,11,24.4
Carlos,R404,09:15,Sunday,True,True,3.82,16.2,Cloudy,10,20.3
Gashyekero,R707,21:45,Monday,False,False,2.28,40.0,Sunny,31,3.5
Kagugu,R404,11:00,Monday,False,False,0.55,32.3,Sunny,29,1.9
Kanombe,R707,11:15,Thursday,False,False,2.66,19.1,Sunny,9,8.2
Gikondo,R505,17:15,Tuesday,False,True,1.97,34.7,Rainy,10,7.4
Remera,R301,17:00,Saturday,True,True,3.66,32.8,Sunny,21,8.1
Gashyekero,R101,06:00,Thursday,False,False,2.82,37.5,Sunny,14,3.5
Kacyiru,R404,08:45,Wednesday,False,True,4.44,29.9,Rainy,44,18.0
Kagugu,R707,16:45,Sunday,True,False,4.05,30.6,Rainy,6,11.7
Gatenga,R606,10:00,Tuesday,False,False,1.82,45.5,Sunny,22,1.9
Gikondo,R301,16:30,Monday,False,False,1.44,15.9,Rainy,45,6.8
Gashyekero,R202,05:45,Monday,False,False,3.2,36.7,Sunny,38,7.1
Gikondo,R301,09:30,Monday,False,True,2.28,43.7,Sunny,24,4.7
Nyanza,R202,14:45,Tuesday,False,False,1.74,27.5,Sunny,11,3.3
